keyword,appearance,relevant
script,931,
description,929,
pro,928,
ort,905,
dev,904,
per,897,
est,886,
age,878,
form,876,
com,850,
team,849,
ops,846,x
work,845,
der,839,
time,837,
tech,831,
app,831,
art,830,
devops,818,x
full,818,
engineer,818,x
ust,809,
develop,800,
location,794,
job,793,
log,793,
align,792,
report,792,
act,790,
detail,784,
nbsp,783,
den,782,
ist,781,
profil,780,
job description,779,
full time,778,
profile,777,
file,777,
led,777,
report job,775,
align profile,774,
detail align profile,774,
detail align,774,
end,772,
qui,752,
lab,750,
experience,749,
ass,747,
und,745,
cloud,736,x
inc,736,
rate,727,
infra,724,x
manage,722,
service,721,
ability,718,
red,716,
full job,710,
full job description,710,
sur,707,
part,704,
system,702,
process,700,
application,697,
net,695,
development,694,x
employ,687,
pre,686,
technology,684,
skill,682,
line,682,
able,679,
structure,675,
soft,672,
require,669,
tool,668,
del,666,
infrastructure,664,x
support,660,
unit,649,
fit,647,
main,642,
solution,636,
one,636,
environment,635,
benefit,630,
type,624,
stand,624,
software,615,
design,612,x
year,610,
working,610,
deploy,610,
met,606,
build,594,x
mit,582,
implement,582,x
security,581,x
que,572,
management,571,
opportunity,568,
job type,567,
role,564,
know,563,
perform,561,
best,559,
use,559,
git,559,x
date,553,
provide,552,
base,548,
edge,545,
sure,545,
maintain,543,
live,543,
employer,541,
ci cd,540,x
job detail,540,
nbsp full job,538,
nbsp full,538,
nbsp benefitspulled,538,
benefitspulled full,538,
benefitspulled full job,538,
benefitspulled,538,
nbsp benefitspulled full,538,
detailshere job,537,
detailshere,537,
job detailshere job,537,
job detailshere,537,
job detail align,537,
detailshere job detail,537,
nbsp report,537,
day,533,
nbsp report job,532,
nbsp job,531,
code,521,
test,520,x
monitor,518,x
including,516,
product,516,
company,515,
deliver,515,
mod,515,
formation,515,
deployment,511,x
ever,499,
data,496,
knowledge,495,
life,495,
win,495,
technical,494,
pipeline,489,x
aws,488,
high,488,
cross,488,
practice,487,
nation,487,
program,486,
lead,484,
platform,483,
devops engineer,483,x
car,482,
typefull,478,
typefull time,478,
job typefull,478,
job typefull time,478,
strong,475,
dir,473,
business,472,
health,469,
employee,467,
schedule,465,
set,465,
kubernetes,464,x
operation,463,
performance,463,x
low,463,
automation,462,x
need,460,
engineering,458,
new,457,
ensure,455,
responsible,455,
two,455,
based,452,
direct,452,
method,449,
flex,448,
must,447,
understand,444,
fun,444,
requirement,442,
disability,442,
responsibility,442,
monitoring,441,x
join,441,
put,440,
plan,439,
shift,438,
python,436,x
zur,435,
offer,434,
custom,434,
expert,433,
national,430,
care,430,
using,427,
sci,427,
well,426,
iat,425,
help,423,
improve,423,
information,422,
problem,420,
related,419,
back,419,
source,410,
find,410,
time nbsp,409,
equal,407,
grow,406,
azure,404,x
add,403,
position,402,
person,402,
los,401,
required,400,
continuous,399,
pay,398,
get,396,
customer,395,
vision,394,
see,394,
pas,394,
architect,393,x
race,393,
erp,393,
integration,392,
communication,390,
across,389,
qualification,388,
excel,387,
learn,386,
approach,385,
drive,385,
shift schedule,385,
alle,385,
request,383,
within,376,
terraform,376,x
container,376,x
take,374,
serve,374,
understanding,368,
docker,367,x
dem,367,
side,367,
cli,367,x
project,366,
insight,363,
pet,362,
building,361,
flexible,360,
value,357,
align profile job,357,
profile job,357,
issue,356,
people,355,
level,355,
professional,355,
view,355,
candidate,353,
status,352,
degree,352,
look,352,
0,351,
cd pipeline,351,x
every,351,
show,350,
assist,349,
cto,347,
like,345,
standard,344,
culture,343,
typefull time nbsp,343,
ci cd pipeline,341,x
sex,341,
power,340,
best practice,339,
collaborate,336,
network,336,
education,335,
agile,334,x
automate,334,x
document,334,
protect,334,
employment,333,
member,331,
scripting,331,
include,331,
origin,330,
function,330,
native,330,
solving,329,
career,326,
expertise,326,
equal opportunity,325,
compute,325,
office,324,
year experience,323,
morechevron,323,
morechevron nbsp,323,
show morechevron,323,
show morechevron nbsp,323,
make,322,
individual,322,
troubleshoot,322,
range,321,
focus,320,
hand,320,
world,319,
industry,318,
mission,318,
insurance,317,
active,317,
action,315,
orientation,315,
applicant,314,
looking,314,
hybrid,314,
science,314,
salary,313,
come,313,
sexual,311,
gender,310,
language,310,
linux,309,x
addition,309,
sexual orientation,308,
passion,308,
veteran,306,
bachelor,304,
delivery,303,
directly,303,
profile job typefull,303,
computer,302,
infrastructure code,302,x
remote,302,
religion,302,
success,302,
key,301,
excellent,301,
innovative,299,
place,297,
allen,297,
site,296,
identity,296,
national origin,296,
dmi,296,
configuration,295,
skill align,294,
yesno nbsp,294,
yesno nbsp job,294,
yesno,294,
profile insightsfind,294,
profile insightsfind skill,294,
insightsfind,294,
nbsp job detailshere,294,
insightsfind skill align,294,
skill align job,294,
insightsfind skill,294,
align job,294,
meet,293,
ansible,292,x
oder,291,
architecture,290,x
complex,289,
apply,289,
run,288,
multi,288,
close,287,
also,286,
admin,286,
bring,285,
quality,284,
create,284,
committed,283,
term,281,
rest,281,
client,280,
open,280,
ensuring,279,
effective,279,
consider,279,
paid,278,
way,278,
may,277,
call,276,
application process,275,
color,275,
senior,274,
state,274,
idea,274,
regard,272,
access,271,
future,269,
seek,269,
bachelor degree,268,
developing,268,
ask,268,
enterprise,267,
leader,267,
etc,266,
organization,266,
jenkins,266,x
change,266,
managing,265,
please,262,
protected,262,
global,261,
maintaining,259,
production,257,
diverse,257,
resource,257,
alternative,257,
screening,256,
personal,256,
post,256,
computer science,255,
even,255,
option,254,
ein,253,
web,253,
hold,253,
collaboration,252,
top,252,
gender identity,252,
let,252,
highly,251,
background,251,
mental,251,
certification,250,x
cover,249,
train,249,
software development,248,x
opportunity employer,248,
testing,247,x
secure,247,x
medical,246,
enhance,246,
additional,246,
firm,246,
impact,245,
long,245,
process report,244,
problem solving,244,
indeed,244,
employer application,244,
follow,244,
dental,243,
alternative method,243,
approach employer,243,
alternative method application,243,
request indeed responsible,243,
request indeed,243,
employer directly request,243,
employer directly,243,
indeed responsible,243,
must approach,243,
approach employer directly,243,
method application screening,243,
indeed responsible employer,243,
responsible employer,243,
must approach employer,243,
application screening,243,
application process report,243,
screening must,243,
screening must approach,243,
application screening must,243,
process report job,243,
responsible employer application,243,
employer application process,243,
method application,243,
directly request indeed,243,
directly request,243,
require alternative,243,
nbsp require,243,
require alternative method,243,
nbsp require alternative,243,
solve,243,
community,241,
leading,241,
challenge,241,
preferred,240,
api,240,x
functional,239,
developer,238,
field,238,
hour,237,
shift schedulehere,237,
shift schedulehere job,237,
schedulehere job shift,237,
schedulehere,237,
schedule detail,237,
shift schedule detail,237,
schedulehere job,237,
schedule detail align,237,
job shift schedule,237,
job shift,237,
nbsp job description,237,
used,237,
model,236,
equal opportunity employer,236,
play,236,
innovation,235,
clear,235,
identify,233,
server,232,
law,230,
recruit,230,
table,230,
creating,229,
assistance,229,
without,229,
cycle,228,
capability,227,
talent,227,
documentation,226,
collaborative,226,
bash,226,x
list,226,
familiar,226,
learning,225,
advance,225,
improvement,223,
shell,223,x
strategy,222,
control,222,
supporting,221,
seeking,221,
reliability,220,x
area,220,
fast,220,
share,219,
training,218,
special,218,
providing,217,
policy,217,
profile full,217,
align profile full,217,
health insurance,217,
plus,216,
growth,216,
large,216,
fee,216,
java,215,
design implement,215,x
group,214,
veteran status,214,
real,214,
gov,214,
task,213,
partner,212,
implementation,211,
participate,211,
race color,211,
current,210,
together,209,
internal,209,
modern,208,
closely,207,
scale,207,
contribute,207,
hub,207,
tage,205,
diversity,204,
implementing,204,
factor,204,
cloud infrastructure,203,x
invest,203,
proficiency,202,
package,202,
comprehensive,201,
various,200,
leave,200,
specific,200,
sexual orientation gender,200,
orientation gender,200,
wide,200,
citi,200,
familiarity,199,
digital,198,
operational,198,
scalable,198,x
holiday,198,
week,198,
qualified,198,
development team,197,
team member,197,
transform,197,
relevant,196,
efficient,196,
review,195,
dental insurance,195,
multiple,194,
networking,194,
methodology,194,
enable,194,
database,193,x
descriptionskillsdo experience,193,
descriptionskillsdo,193,
align job descriptionskillsdo,193,
job descriptionskillsdo experience,193,
job descriptionskillsdo,193,
city,193,
prior,193,
stack,192,
orientation gender identity,192,
non,192,
mentor,192,
present,192,
troubleshooting,191,
critical,191,
competitive,191,
inclusive,190,
efficiency,189,
dynamic,189,
timeshow,189,
event,189,
driven,188,
designing,188,
401,188,
market,188,
home,188,
road,188,
minimum,187,
stakeholder,187,
successful,187,
without regard,187,
availability,186,
timeshow nbsp,186,
yesnoeducationdo,186,
flow,186,
land,186,
release,185,
compensation,184,
framework,184,
sql,184,x
account,184,
principle,183,
equivalent,183,
force,183,
limit,183,
full timeshow,182,
full timeshow nbsp,182,
annual,182,
start,182,
search,181,
bei,180,
initiative,180,
degree yesno,180,
profile pay,180,
align profile pay,180,
dependent,180,
communication skill,179,
software engineer,179,x
following,178,
100,178,
contribution,177,
right,177,
ideal,177,
good,176,
experience working,176,
bonus,176,
receive,176,
user,175,
gitlab,175,x
public,175,
administration,174,
provider,174,
paid time,174,
eligible,173,
github,172,x
iac,172,x
programming,172,x
regular,172,
growing,171,
proven,171,
degree yesno nbsp,171,
yearjob,171,
compliance,170,
optimize,170,
passionate,170,
great,169,
leadership,169,
available,169,
core,169,
profile full timeshow,169,
thing,169,
rds,169,x
scalability,168,x
fully,168,
air,168,
physical,167,
automated,166,
maintenance,166,
experienced,166,
deep,166,
yearjob typefull,166,
yearjob typefull time,166,
manager,165,
safe,165,
000 year,165,
san,165,
202,165,
similar,164,
workplace,164,
effectively,164,
degree computer,164,
define,164,
cloud platform,163,
expect,163,
accommodation,162,
activity,162,
making,162,
full job description401,162,
job description401,162,
description401,162,
color religion,162,
read,162,
found,162,
provides,161,
goal,161,
docker kubernetes,161,x
first,161,
clearance,160,
connect,160,
government,159,
cloud service,159,
local,159,
degree computer science,159,
limited,158,
financial,157,
decision,157,
different,157,
demonstrate,157,
federal,156,
self,156,
related field,156,
morechevron nbsp report,156,
balance,156,
permanent,156,
delivering,155,
ability work,155,
concept,155,
encourage,155,
window,154,
focused,154,
planning,154,
potential,154,
cloud environment,153,
applicable,153,
basis,153,
cost,152,
everyone,152,
experience devops,152,
join team,152,
orchestration,152,x
die,151,
duty,151,
regard race,151,
desire,151,
provision,151,
configuration management,150,
containerization,150,x
continuous integration,150,x
flexibility,150,
race color religion,150,
without regard race,150,
interest,150,
believe,149,
commitment,149,
consideration,149,
hear,149,
least,148,
valid,148,
purpose,147,
class,147,
foster,147,
engage,147,
mind,147,
want,146,
powershell,146,x
salary range,146,
match,146,
arm,146,
incident,145,
dental vision,145,
prem,145,
proactive,145,
skill ability,144,
cross functional,144,
contract,144,
qualified applicant,144,
family,143,
difference,143,
resolve,143,
big,143,
contact,142,
needed,142,
order,142,
load,141,
actively,141,
deploying,140,
cloud based,140,
inclusion,140,
lifecycle,140,
skill experience,140,
trust,140,
virtual,140,
essential,139,
engineer join,139,
around,139,
job qualification,139,
scripting language,139,
empower,139,
unique,138,
thrive,138,
check,137,
workflow,137,x
robust,137,
reasonable,136,
stay,136,
complete,136,
azure devops,135,x
advanced,135,
expression,135,
religion sex,135,
align profile nbsp,134,
job qualification align,134,
profile nbsp,134,
qualificationshere job qualification,134,
qualification align profile,134,
qualificationshere job,134,
qualificationshere,134,
nbsp qualificationshere,134,
nbsp qualificationshere job,134,
nbsp shift schedulehere,134,
nbsp shift,134,
qualification align,134,
marital,134,
proud,134,
microsoft,133,x
dedicated,133,
includes,133,
employment without,133,
work closely,132,
operating,132,
guidance,132,
analysis,131,
subject,131,
record,131,
head,131,
employment without regard,130,
aws azure,129,x
gcp,129,x
love,129,
employment opportunity,129,
integrate,129,
update,129,
solving skill,129,
problem solving skill,129,
result,129,
genetic,129,
object,129,
flexible work,129,
better,128,
track,128,
establish,128,
procedure,127,
solid,127,
variety,127,
yesnoeducationdo bachelor,127,
yesnoeducationdo bachelor degree,127,
regard race color,127,
bachelor degree yesno,127,
unter,127,
colleague,126,
matter,126,
communicate,126,
think,126,
risk,125,
existing,125,
department,125,
affirmative action,125,
affirmative,125,
point,125,
software engineering,124,x
work location,124,
travel,124,
equal employment,124,
experience cloud,124,
address,124,
conduct,124,
professional development,124,
allow,124,
engineering team,123,
automating,123,
equal employment opportunity,123,
marital status,123,
www,123,
condition,123,
owner,123,
sie,122,
timeshift,122,
cd tool,122,x
keep,122,
tier,122,
hard,122,
next,121,
cutting,121,
functional team,121,
free,121,
life insurance,121,
international,121,
bachelor degree computer,121,
many,121,
mean,121,
alert,121,
offering,120,
written,120,
latest,120,
protected veteran,120,
ci cd tool,120,x
operate,120,
cyber,119,
citizen,119,
fund,119,
would,118,
transformation,118,
type full,118,
version,118,
summary,118,
tool like,117,
million,117,
code iac,117,
master,117,
hand experience,117,
feel,117,
long term,117,
work life,117,
spend,117,
parental,116,
cutting edge,116,
type full time,116,
cross functional team,116,
others,116,
matching,116,
independent,116,
computing,115,
associate,115,
become,115,
considered,115,
via,114,
achieve,114,
receive consideration,114,
particular,114,
mail,114,
board,114,
disability insurance,114,
hiring,113,
made,113,
consideration employment,113,
accept,113,
distributed,112,
feature,112,
infrastructure code iac,112,
space,112,
work environment,112,
external,112,
corporate,112,
along,112,
last,112,
google,111,
provisioning,111,
analytics,111,
visit,111,
vor,111,
involve,111,
von,110,
continuously,110,x
2024,110,
information technology,110,
receive consideration employment,110,
recruitment,109,
ideal candidate,109,
online,109,
analytical,109,
applicant receive consideration,109,
applicant receive,109,
skilled,108,
characteristic,108,
posse,108,
excellence,108,
medical dental,108,
microservice,108,x
country,107,
insurancepaid,107,
000 yearjob,107,
hire,107,
consideration employment without,107,
send,107,
wir,106,
saas,106,x
sre,106,
research,106,
seamless,106,
talented,106,
component,106,
effort,106,
migration,106,
qualified applicant receive,106,
front,106,
guide,106,
design develop,106,
auf,105,
helping,105,
improving,105,
motivated,105,
discount,105,
000 yearjob typefull,105,
recommend,105,
recognize,105,
flexible schedule,105,
für,104,
eine,104,
domain,104,
pension,104,
cloudformation,104,x
aws cloud,104,x
bank,104,
develop maintain,104,
insurancehealth,104,
broad,104,
arbeit,104,
storage,103,
senior devops,103,
per year,103,
trend,103,
prometheus,102,x
team ensure,102,
tooling,102,
today,102,
color religion sex,102,
note,102,
reward,102,
vision insurance,102,
cloud technology,101,
currently,101,
grafana,101,x
javascript,101,x
yesnoskillsdo,101,
yesnoskillsdo experience,101,
typefull timeshift,101,
job typefull timeshift,101,
adapt,101,
deployment process,100,
desired,100,
united,100,
basic,100,
hybrid work,100,
determine,100,
select,100,
wie,99,
erfahrung,99,
genetic information,99,
discipline,99,
recruiting,99,
foundation,99,
interview,98,
reimbursement,98,
requires,98,
strategic,98,
paced,98,
major,98,
eligibility,98,
verbal,98,
friday,97,
operation team,97,
fast paced,97,
strong understanding,97,
private,97,
embrace,97,
demand,97,
every day,97,
cloud engineer,96,x
continuous improvement,96,x
streamline,96,
http,96,
aligns,96,
unser,96,
hat,96,
team work,96,
due,96,
development life,96,
sponsor,96,
reliable,95,
necessary,95,
oriented,95,
obtain,95,
insurance nbsp,95,
parental leave,95,
medical dental vision,95,
willing,95,
face,95,
über,94,
job type full,94,
flexible working,94,
betrieb,94,
reasonable accommodation,94,
00 per,94,
jira,94,
fair,94,
development operation,93,
security clearance,93,
mobile,93,
extensive,93,
monday,93,
metric,93,
teil,93,
sowie,92,
optimization,92,
google cloud,92,x
bereich,92,
automation tool,92,
exciting,92,
equity,92,
forward,92,
sharing,92,
expected,92,
insurancedisability,92,
reach,92,
continue,92,
layer,92,
unsere,91,
senior devops engineer,91,x
devops practice,91,
microservices,91,x
staff,91,
objective,91,
retirement,91,
work experience,91,
welcome,91,
life balance,91,
work life balance,91,
ready,91,
amazon,90,x
logging,90,
driving,90,
monday friday,90,
alerting,90,
coverage,90,
award,90,
scrum,90,x
month,90,
center,90,
respect,90,
brings,90,
smooth,89,
new technology,89,
exceptional,89,
benefit package,89,
affirmative action employer,89,
action employer,89,
et de,89,
legal,89,
spending,88,
high quality,88,
military,88,
eeo,88,
independently,88,
description job,88,
sex sexual orientation,88,
sex sexual,88,
sich,88,
total,87,
experience aws,87,x
ec2,87,
identity expression,87,
analyze,87,
management tool,87,
everything,87,
workforce,87,
consistent,87,
interact,87,
kenntnisse,86,
terraform ansible,86,x
overall,86,
ownership,86,
generous,86,
coding,86,x
morechevron nbsp full,86,
positive,86,
preferred qualification,86,
significant,86,
wort,86,
agency,85,
journey,85,
integrity,85,
job description job,85,
gender identity expression,85,
social,85,
progress,85,
machine,84,
production environment,84,
possible,84,
adoption,84,
experience terraform,84,x
enjoy,84,
collaborating,84,
provided,84,
response,84,
pattern,84,
towards,84,
pregnancy,84,
important,84,
regardless,84,
physical mental,84,
000 00,83,
listed,83,
brand,83,
throughout,83,
profile nbsp payhere,83,
job pay,83,
pay aligns profile,83,
pay aligns,83,
job pay aligns,83,
nbsp payhere,83,
payhere job,83,
aligns profile,83,
payhere job pay,83,
nbsp payhere job,83,
payhere,83,
performing,83,
organizational,83,
intelligence,82,
assessment,82,
tuition,82,
relationship,82,
security best,82,
leverage,82,
small,82,
python bash,82,x
reduce,82,
shared,82,
give,82,
coach,82,
story,82,
devops team,81,
license,81,
demonstrated,81,
quickly,81,
appropriate,81,
direction,81,
morechevron nbsp require,81,
cause,81,
general,81,
strong communication,81,
upon,81,
root,81,
increase,81,
entwicklung,81,
promote,81,
common,81,
une,81,
scheme,80,
security best practice,80,
proactively,80,
optimizing,80,
asset,80,
lambda,80,x
website,80,
version control,80,
aspect,80,
year nbsp,80,
state local,80,
status protected,80,
execute,80,
short,80,
organisation,79,
devsecops,79,x
proven experience,79,
setting,79,
arbeiten,79,
primary,79,
end end,79,
experience developing,79,
excellent communication,79,
vacation,79,
applying,79,
ongoing,79,
web service,79,
team environment,79,
disability status,79,
mindset,79,
design implementation,78,
writing,78,
year nbsp shift,78,
programming language,78,x
federal state,78,
attention,78,
overview,78,
500,78,
remote nbsp,78,
secret,77,
master degree,77,
experience software,77,
united state,77,
reporting,77,
certification yesnoskillsdo,77,
certification yesnoskillsdo experience,77,
interested,77,
discriminate,77,
opportunity affirmative action,77,
opportunity affirmative,77,
celebrate,77,
strength,77,
software development life,77,
experience terraform yesno,77,
terraform yesno,77,x
unternehmen,76,x
github action,76,
saving,76,
cluster,76,
question,76,
technique,76,
depth,76,
descriptioncompany,76,
deutsch,76,
azure cloud,75,x
devops engineer join,75,
system administration,75,
year experience devops,75,
successful candidate,75,
measure,75,
emerging,75,
evaluate,75,
resolution,75,
changing,75,
characteristic protected,75,
perspective,75,
job descriptioncompany,75,
director,75,
implement manage,74,
betriebliche,74,
system performance,74,
wellbeing,74,
scaling,74,
large scale,74,
key responsibility,74,
globally,74,
full job descriptioncompany,74,
target,74,
paid holiday,74,
spending account,74,
host,74,
et le,74,
certified,73,
unserer,73,
healthcare,73,
consulting,73,
integration continuous,73,
meeting,73,
mentoring,73,
email,73,
nbsp locationremote,73,
locationremote nbsp,73,
locationremote,73,
nbsp locationremote nbsp,73,
interpersonal,73,
challenging,73,
individual disability,73,
protected veteran status,73,
stelle,73,
extra,73,
early,73,
das,73,
adhere,73,
open source,72,
continuous integration continuous,72,
trusted,72,
determined,72,
401k,72,
prioritize,72,
move,72,
advantage,72,
part time,72,
vary,72,
evolution,72,
posting,71,
im bereich,71,
cloud native,71,x
wellness,71,
recovery,71,
party,71,
puppet,71,x
required work,71,
administrator,71,
einen,71,
outcome,71,
deep understanding,71,
player,71,
identifying,71,
federal state local,71,
per week,71,
aufgaben,71,
religion sex sexual,71,
opportunity work,71,
stage,71,
please contact,71,
sport,71,
confident,71,
grade,71,
aim,71,
health well,71,
microsoft azure,70,x
base salary,70,
gitlab ci,70,x
pto,70,
daily,70,
whether,70,
devops tool,70,
descriptiondental,70,
job descriptiondental,70,
full job descriptiondental,70,
priority,70,
timely,70,
experience infrastructure,70,
identity national,70,
engagement,70,
title,70,
typical,70,
occ,70,
infrastruktur,69,x
sind,69,
cloud solution,69,
stock,69,
implement maintain,69,
equivalent experience,69,
cloud computing,69,
configure,69,
efficiently,69,
identity national origin,69,
knowledge skill,69,
make difference,69,
central,69,
rapid,69,
constant,69,
observability,68,
scope,68,
incentive,68,
feedback,68,
apis,68,
write,68,
engineer responsible,68,
root cause,68,
hybrid working,68,
shape,68,
located,68,
step,68,
designed,68,
gender identity national,68,
system engineer,68,
national origin disability,68,
origin disability,68,
outside,68,
expand,68,
weitere,68,
turn,68,
remotely,67,
page,67,
designing implementing,67,
00 per year,67,
workload,67,
including limited,67,
continuous delivery,67,x
vollzeit,67,
oversee,67,
insurance nbsp full,67,
ancestry,67,
science information,67,
business need,67,
status disability,67,
employer qualified,67,
period,67,
respond,67,
abgeschlossene,67,
branch,67,
premise,66,
einem,66,
development lifecycle,66,
configuring,66,
helm,66,
10 year,66,
proficient,66,
insurancelife,66,
hardware,66,
operating system,66,x
built,66,
disability veteran,66,
track record,66,
part team,66,
mental disability,66,
evolving,66,
employer qualified applicant,66,
america,66,
name,66,
experience container,66,
poly,66,
public cloud,65,
ihr,65,
kunden,65,
recognition,65,
case,65,
physical mental disability,65,
click,65,
proud equal,65,
defined,65,
reference,65,
tuition reimbursement,65,
administer,65,
aws service,64,
referral,64,
zum,64,
high availability,64,
english,64,
information system,64,
altersvorsorge,64,
leistungen,64,
build test,64,
monitoring alerting,64,
container orchestration,64,
rotation,64,
chef,64,
computer science information,64,
choice,64,
insuranceemployee,64,
programme,64,
elastic,64,
optimal,64,
assistance program,64,
neue,64,
experience building,63,
eks,63,
junior,63,
statement,63,
collaborate development,63,
range position,63,
functionality,63,
matchingdental,63,
running,63,
attention detail,63,
bash python,63,
however,63,
confluence,63,
chance,63,
roadmap,63,
assurance,63,
pride,63,
studium,63,
inspire,63,
einer,62,
openshift,62,
building maintaining,62,
friday nbsp,62,
insurancepaid time,62,
particularly,62,
monitoring tool,62,
thinking,62,
citizenship,62,
skill ability work,62,
cloud architect,62,
ticket,62,
deployed,61,
development experience,61,
personnel,61,
creative,61,
work together,61,
factor including,61,
200,61,
link,61,
worldwide,60,
vulnerability,60,
onsite,60,
security compliance,60,
manual,60,
several,60,
always,60,
term disability,60,
largest,60,
place work,60,
enhancing,60,
commercial,60,
elk,60,
local law,60,
offered,60,
employee assistance,60,
learning development,60,
accurate,60,
region,60,
flexible spending account,60,
flexible spending,60,
artifact,60,
informatik,60,
resume,59,
tuning,59,
must able,59,
processing,59,
internal external,59,
build maintain,59,
sector,59,
specialist,59,
productivity,59,
handle,59,
strong knowledge,59,
assigned,59,
gym,59,
fostering,59,
amazon web,59,
utilizing,59,
amazon web service,59,
committed providing,59,
race religion,59,
diversity inclusion,59,
powered,59,
submit,59,
chain,59,
aware,59,
cybersecurity,58,
ihre,58,
unix,58,
disaster,58,
engineer join team,58,
amazing,58,
continuous deployment,58,
iam,58,
betriebliche altersvorsorge,58,
computer science related,58,
science related,58,
environment experience,58,
applicant employment,58,
competitive salary,58,
veteran status disability,58,
proud equal opportunity,58,
und die,58,
bewerbung,58,
employee assistance program,58,
work home,58,
push,58,
able work,58,
ensure smooth,57,
exposure,57,
product service,57,
recognized,57,
dann,57,
000 year nbsp,57,
durch,57,
shaping,57,
job descriptionlicensesdo valid,57,
align job descriptionlicensesdo,57,
job descriptionlicensesdo,57,
descriptionlicensesdo,57,
descriptionlicensesdo valid,57,
successfully,57,
world class,57,
number,57,
applicable law,57,
comfortable,57,
depending,57,
volunteer,57,
descriptionskillsdo experience terraform,57,
peer,57,
qualification bachelor,57,
beyond,57,
ethnicity,57,
day per,57,
since,57,
remain,57,
erste,57,
may require,57,
vendor,56,
tool terraform,56,
using tool,56,
technology solution,56,
engineering related,56,
managed,56,
auch,56,
dein,56,
mentorship,56,
communication collaboration,56,
excited,56,
highly available,56,
selected,56,
around world,56,
recruitment process,56,
practical,56,
state local law,56,
http www,56,
vergleichbare,56,
fix,56,
postgres,56,
gute,55,
für die,55,
site reliability,55,
architectural,55,
strong experience,55,
dod,55,
candidate must,55,
prometheus grafana,55,
recommendation,55,
suite,55,
repository,55,
forefront,55,
protected law,55,
collaboratively,55,
paid parental,55,
edge technology,55,
discrimination,55,
enabling,55,
meaningful,55,
bringen,55,
coming,55,
evolve,55,
smart,55,
national security,54,
working knowledge,54,
debugging,54,
london,54,
stability,54,
especially,54,
design development,54,
containerization technology,54,
valued,54,
experience experience,54,
posted,54,
team design,54,
choose,54,
descriptionbetriebliche,54,
full job descriptionbetriebliche,54,
job descriptionbetriebliche,54,
supported,54,
entire,54,
employer committed,54,
utilize,54,
text,54,
solution architect,53,
time employee,53,
required work location,53,
advancement,53,
protocol,53,
resilient,53,
truly,53,
capacity,53,
dynamic team,53,
heart,53,
template,53,
work team,53,
perk,53,
budget,53,
technology experience,53,
written verbal,53,
teamwork,53,
experience ci,53,
responsibility include,53,
facing,53,
north,53,
möglichkeit,53,
credit,53,
ceo,53,
weiterbildung,53,
development test,53,
containerized,52,
financial service,52,
000 00 per,52,
werden,52,
sick,52,
ausbildung,52,
development deployment,52,
life cycle,52,
state art,52,
excellent problem solving,52,
excellent problem,52,
preferably,52,
design build,52,
competency,52,
technical expertise,52,
employee benefit,52,
much,52,
agile methodology,52,
disability veteran status,52,
yesnoeducationdo master degree,52,
yesnoeducationdo master,52,
healthy,52,
master degree yesno,52,
developed,52,
combination,52,
higher,52,
365,52,
creed,52,
equal opportunity affirmative,52,
lösungen,51,
tool technology,51,
execution,51,
profile nbsp shift,51,
resolve issue,51,
accordance,51,
speed,51,
experience infrastructure code,51,
job title,51,
experience ci cd,51,
annually,51,
und der,51,
experience terraform yesnoeducationdo,51,
terraform yesnoeducationdo,51,
could,51,
equitable,51,
four,51,
data engineer,51,
also offer,51,
champion,51,
transfer,51,
path,51,
proper,51,
apps,51,
course,51,
iaa,50,
extensive experience,50,
language python,50,
interface,50,
ruby,50,
etc experience,50,
disaster recovery,50,
history,50,
application development,50,
serverless,50,
haben,50,
implement best,50,
troubleshoot resolve,50,
crucial,50,
intelligent,50,
call rotation,50,
generation,50,
sponsorship,50,
deadline,50,
solid understanding,50,
resolving,50,
protected applicable,50,
across multiple,50,
delivers,50,
work independently,50,
salary range position,50,
full potential,50,
belief,50,
required qualification,50,
according,50,
call nbsp,50,
sense,50,
regulation,50,
seit,50,
please note,50,
remote work,50,
python java,50,
health dental,49,
employee applicant,49,
400,49,
software development lifecycle,49,
source code,49,
infrastructure service,49,
node,49,
datadog,49,
backup,49,
sdlc,49,
digital transformation,49,
investigation,49,
safety,49,
integrating,49,
coaching,49,
dns,49,
experience using,49,
mitarbeiter,49,
agile development,49,
law nbsp,49,
service aws,49,
origin ancestry,49,
national origin ancestry,49,
succeed,49,
compensation package,49,
location remote,49,
manner,49,
umfeld,49,
might,49,
including pregnancy,49,
alongside,49,
estimate,49,
nach,49,
retirement plan,49,
deine,48,
year relevant,48,
monitoring logging,48,
student,48,
technology docker,48,
education experience,48,
development process,48,
house,48,
sustainable,48,
deployment monitoring,48,
installation,48,
erfahrungen,48,
technical solution,48,
ecosystem,48,
science engineering,48,
automatisierung,48,
web application,48,
industry trend,48,
integration continuous deployment,48,
control system,48,
innovative solution,48,
team lead,48,
strong problem,48,
strong problem solving,48,
diverse team,48,
infrastructure support,48,
headquartered,48,
develops,48,
iac tool,48,
agile environment,48,
accounthealth,48,
spending accounthealth,48,
detailed,48,
technological,48,
strive,48,
europe,48,
gain,48,
ethic,48,
lot,48,
team support,48,
dich,47,
arbeitszeiten,47,
cloud architecture,47,
bitbucket,47,
thousand,47,
azure google,47,
reliability engineer,47,
creation,47,
ensure system,47,
site reliability engineer,47,
cloudwatch,47,
someone,47,
implementing maintaining,47,
paas,47,
120,47,
content,47,
human,47,
infrastructure management,47,
terraform cloudformation,47,
another,47,
emerging technology,47,
characteristic protected law,47,
experience managing,47,
accessibility,47,
30 day,47,
qualification experience,47,
support development,47,
collaborative team,47,
eligibility requirement,47,
25 day,47,
zusammenarbeit,47,
personal development,47,
nexus,47,
represents,47,
recruiter,47,
membership,47,
erfolgreich,47,
confidence,47,
perl,47,
mehr,47,
chart,47,
hundred,46,
usd,46,
canada,46,
technical skill,46,
distributed system,46,
collaborate development team,46,
mysql,46,
duty responsibility,46,
industry standard,46,
great place,46,
accessible,46,
compensation range,46,
national origin age,46,
origin age,46,
build deployment,46,
willingness,46,
platform engineer,46,
facilitate,46,
status sexual orientation,46,
status sexual,46,
project management,46,
qualification bachelor degree,46,
configuration management tool,46,
management cloud,46,
aligned,46,
comprehensive benefit,46,
full job descriptionflexible,46,
descriptionflexible,46,
job descriptionflexible,46,
long term disability,46,
shell scripting,46,
job summary,46,
visual,46,
payment,45,
system engineering,45,
time pay,45,
hohe,45,
insurance paid,45,
gitops,45,
reflects,45,
allowance,45,
starting,45,
bei der,45,
field equivalent,45,
bieten,45,
example,45,
high performance,45,
continuous learning,45,
established,45,
pivotal,45,
short term,45,
good understanding,45,
cutting edge technology,45,
paid parental leave,45,
fundamental,45,
application infrastructure,45,
coordinate,45,
additionally,45,
competitive compensation,45,
opportunity employer qualified,45,
locationremote nbsp benefitspulled,45,
facility,45,
commute,45,
realize,45,
systeme,45,
charge,45,
polygraph,44,
system reliability,44,
full time pay,44,
azure google cloud,44,
team devops,44,
understanding cloud,44,
governance,44,
implement best practice,44,
window server,44,
experience system,44,
join dynamic,44,
pipeline using,44,
artifactory,44,
bash powershell,44,
protection,44,
integration deployment,44,
firewall,44,
job descriptioncertificationsdo,44,
align job descriptioncertificationsdo,44,
descriptioncertificationsdo,44,
descriptioncertificationsdo valid,44,
job descriptioncertificationsdo valid,44,
associated,44,
jira confluence,44,
constantly,44,
career development,44,
authorization,44,
known,44,
contributing,44,
offer competitive,44,
code tool,44,
morechevron nbsp job,44,
insurancedisability insuranceemployee,44,
criminal,44,
done,44,
python go,44,
rule,44,
certain,44,
referral program,44,
profit,44,
machine learning,43,
maintain ci,43,
maintain ci cd,43,
marketing,43,
troubleshoot issue,43,
new feature,43,
university,43,
infrastructure provisioning,43,
virtualization,43,
kubernetes docker,43,
engineering related field,43,
können,43,
utilization,43,
schedulemonday,43,
insurancelife insurancepaid,43,
portfolio,43,
service provider,43,
linux system,43,
provide technical,43,
hour shift,43,
upgrade,43,
required skill,43,
schedulemonday friday,43,
desirable,43,
setup,43,
interpersonal skill,43,
communication skill ability,43,
leveraging,43,
cause analysis,43,
root cause analysis,43,
joining,43,
gender gender,43,
childbirth,43,
minimal,43,
health care,43,
legally,43,
ensure high,43,
green,43,
store,43,
explore,43,
abgeschlossenes,43,
requisition,43,
resident,43,
home office,43,
audit,43,
age disability,43,
belong,43,
team deliver,43,
actual,43,
year required,42,
hast,42,
data science,42,
purchase,42,
directory,42,
aws gcp,42,
experience azure,42,
defense,42,
sehr,42,
integrated,42,
bei un,42,
ensure seamless,42,
nice,42,
threat,42,
accelerate,42,
technologien,42,
3rd,42,
berufserfahrung,42,
background check,42,
knowledge cloud,42,
tool process,42,
yearjob typefull timeshift,42,
fast paced environment,42,
paced environment,42,
great place work,42,
involves,42,
highest,42,
tomorrow,42,
medical condition,42,
environment strong,42,
globe,42,
serving,42,
gemeinsam,42,
service including,42,
subject matter,42,
analytical problem solving,42,
analytical problem,42,
capable,42,
benefit including,42,
team working,42,
clean,42,
occasional,42,
zukunft,42,
box,42,
banking,41,
splunk,41,
relevant experience,41,
platform aws,41,
weiterentwicklung,41,
tax,41,
closely development,41,
vmware,41,
year benefit,41,
like terraform,41,
software delivery,41,
software solution,41,
mission critical,41,
specification,41,
third,41,
computer science engineering,41,
deliverable,41,
arrangement,41,
adjustment,41,
aufbau,41,
devops experience,41,
life disability,41,
consumer,41,
architecture design,41,
visa,41,
attitude,41,
partnership,41,
analyst,41,
react,41,
develop implement,41,
day holiday,41,
winning,41,
allows,41,
outstanding,41,
extended,41,
defining,41,
development environment,41,
li hybrid,41,
prozesse,41,
matter expert,41,
subject matter expert,41,
design deploy,41,
card,41,
technology work,41,
sap,40,
der cloud,40,
schedule monday,40,
schedule monday friday,40,
per year benefit,40,
age marital,40,
release management,40,
deployment pipeline,40,
based system,40,
unseren,40,
enhancement,40,
command,40,
infrastructure application,40,
incident response,40,
related field equivalent,40,
cloud provider,40,
platform service,40,
law nbsp report,40,
technology like,40,
knowledge experience,40,
regulatory,40,
industry best,40,
internet,40,
infrastructure code tool,40,
practical experience,40,
ausgeprägte,40,
gender expression,40,
industry best practice,40,
web service aws,40,
whilst,40,
influence,40,
analyse,40,
five,40,
collective,40,
home nbsp,40,
bist,39,
aws certified,39,
highly collaborative,39,
data pipeline,39,
issue related,39,
cloud operation,39,
administering,39,
age marital status,39,
seamless integration,39,
tool like terraform,39,
collaborate cross,39,
development operation team,39,
investment,39,
linux window,39,
collaborate cross functional,39,
responsible designing,39,
status genetic,39,
application service,39,
kenntnisse im,39,
participating,39,
updated,39,
complex problem,39,
merit,39,
deployment ci cd,39,
deployment ci,39,
collaboration skill,39,
management system,39,
freuen,39,
knowledge sharing,39,
experience kubernetes,39,
boundary,39,
accepted,39,
pension scheme,39,
technology related,39,
centric,39,
cost effective,39,
pregnancy childbirth,39,
voice,39,
talk,39,
owned,39,
diverse inclusive,39,
happen,39,
individuelle,39,
secret clearance,38,
mongodb,38,
devops cloud,38,
washington,38,
energy,38,
php,38,
criterion,38,
parking,38,
aws azure google,38,
elasticsearch,38,
experience deploying,38,
infrastructure engineer,38,
performance tuning,38,
experience creating,38,
clearance required,38,
jenkins gitlab,38,
aws certification,38,
performance security,38,
design implement manage,38,
medical insurance,38,
active directory,38,
third party,38,
experienced devops,38,
devops culture,38,
data analytics,38,
development testing,38,
business requirement,38,
support team,38,
experience devops engineer,38,
technical issue,38,
day day,38,
experience bachelor,38,
strong focus,38,
development opportunity,38,
dental vision insurance,38,
situation,38,
creativity,38,
description devops,38,
include limited,38,
optimierung,38,
portal,38,
stronger,38,
lake,38,
gap,38,
thought,38,
phase,38,
simple,38,
engineer work,38,
saving account,38,
diese,38,
craft,38,
propose,38,
health saving,38,
sale,37,
backend,37,
cloud security,37,
anwendungen,37,
cloud devops,37,
reliability scalability,37,
commission,37,
yaml,37,
800,37,
bringst,37,
status genetic information,37,
product development,37,
using tool like,37,
cloud resource,37,
adherence,37,
azure aws,37,
work well,37,
least one,37,
single,37,
agile team,37,
postgresql,37,
oracle,37,
wide range,37,
either,37,
taking,37,
solution using,37,
looking senior,37,
provide guidance,37,
focusing,37,
source control,37,
make impact,37,
responsibility design,37,
founded,37,
bewerben,37,
navigate,37,
discretionary,37,
experience education,37,
high level,37,
connecting,37,
assisting,37,
institution,37,
inclusive workplace,37,
experience scripting,37,
welcome application,37,
lieu,37,
german,37,
role requires,37,
elk stack,37,
typepermanentfull,37,
something,37,
insuranceemployee assistance,37,
job typepermanentfull,37,
worked,37,
contributes,37,
enforce,37,
scientist,36,
data engineering,36,
medium,36,
spark,36,
looking devops,36,
perform essential,36,
full stack,36,
und betrieb,36,
apache,36,
tuition assistance,36,
150,36,
within team,36,
infrastructure ensuring,36,
scalable secure,36,
schedulemonday friday nbsp,36,
team across,36,
previous,36,
landscape,36,
working closely,36,
billion,36,
create maintain,36,
infrastructure automation,36,
professional growth,36,
proven track record,36,
proven track,36,
end user,36,
code review,36,
insurancehealth insurancepaid,36,
guideline,36,
team responsible,36,
failure,36,
technology stack,36,
solving skill ability,36,
hiring process,36,
skill strong,36,
similar role,36,
vpc,36,
decision making,36,
value diversity,36,
applicable federal,36,
applicable federal state,36,
job description devops,36,
emphasis,36,
strong communication skill,36,
team help,36,
company match,36,
non technical,36,
presentation,36,
gather,36,
jetzt,36,
factor including limited,36,
complete application,36,
religion national origin,36,
religion national,36,
solution support,36,
innovate,36,
englischkenntnisse,36,
science information technology,36,
immediate,36,
participation,36,
moving,36,
geographic,36,
zuschuss,36,
may include,36,
140,35,
disabled,35,
selection,35,
fast growing,35,
insurance health,35,
kafka,35,
cloud platform aws,35,
mit der,35,
specifically,35,
customer experience,35,
sehr gute,35,
hybrid cloud,35,
legacy,35,
manage ci,35,
manage ci cd,35,
created,35,
maven,35,
cd pipeline using,35,
category,35,
armed force,35,
armed,35,
dashboard,35,
suchen,35,
experience linux,35,
division,35,
next generation,35,
key role,35,
three,35,
mobility,35,
deployment operation,35,
collaborate closely,35,
highly skilled,35,
automation script,35,
fastest,35,
integration delivery,35,
azure gcp,35,
employee applicant employment,35,
networking security,35,
verbal communication,35,
across team,35,
balancing,35,
proficiency scripting,35,
circleci,35,
world leading,35,
empowers,35,
fundierte,35,
matchingdental insurancedisability,35,
ultimately,35,
700,35,
information technology related,35,
employment type,35,
religious,35,
scheduleon call,35,
scheduleon call nbsp,35,
scheduleon,35,
transparency,35,
please send,35,
demonstrated ability,35,
including pregnancy childbirth,35,
written communication,35,
mix,35,
accommodation applicant,35,
eager,35,
recently,35,
terraform yesnoeducationdo bachelor,35,
additional information,35,
requiring,35,
session,35,
confidential,35,
whole,35,
rewarding,35,
integral,35,
reserve,35,
year relevant experience,34,
nationality,34,
full time employee,34,
gmbh,34,
600,34,
devops pipeline,34,
uptime,34,
using terraform,34,
life insurance paid,34,
system experience,34,
software system,34,
related experience,34,
real time,34,
orchestration tool,34,
amount,34,
troubleshooting skill,34,
data management,34,
nosql,34,
maintains,34,
version control system,34,
analyzing,34,
join dynamic team,34,
total compensation,34,
alignment,34,
experience supporting,34,
zone,34,
modify,34,
equipment,34,
combination education,34,
friendly,34,
arbeitsplatz,34,
nicht,34,
überwachung,34,
context,34,
compensation benefit,34,
make real,34,
need accommodation,34,
timeshift scheduleon call,34,
timeshift scheduleon,34,
written communication skill,34,
centre,34,
achieving,34,
regardless background,34,
finding,34,
deutschland,34,
allowing,34,
architektur,34,
audience,34,
gender sexual,34,
vision care,34,
thorough,34,
process please,34,
sonar,34,
disability genetic,34,
item,34,
productive,34,
accomplish,34,
golang,33,
software application,33,
groovy,33,
information security,33,
architecting,33,
relational,33,
base salary range,33,
development methodology,33,
usage,33,
regarding,33,
scalability security,33,
complex technical,33,
devops principle,33,
window linux,33,
communication collaboration skill,33,
fastest growing,33,
connection,33,
traditional,33,
science related field,33,
written verbal communication,33,
unserem,33,
ansible puppet,33,
expectation,33,
ensure compliance,33,
ability work independently,33,
locationlondon,33,
nbsp locationlondon,33,
health dental vision,33,
pipeline automate,33,
arbeitsort,33,
sex including pregnancy,33,
sex including,33,
license yesnocertificationsdo valid,33,
yesnocertificationsdo valid,33,
yesnocertificationsdo,33,
license yesnocertificationsdo,33,
solution customer,33,
ansible terraform,33,
ensuring high,33,
increasing,33,
zusammenarbeit mit,33,
experience designing,33,
working model,33,
committed creating,33,
typefull timeshift scheduleon,33,
enables,33,
promotion,33,
technology related field,33,
wherever,33,
nature,33,
day building,33,
every day building,33,
und schrift,33,
wort und schrift,33,
wort und,33,
schrift,33,
encouraged,33,
system support,33,
entwickeln,33,
pressure,33,
timefull,33,
fragen,33,
top secret,32,
descriptionwe,32,
umsetzung,32,
experience implementing,32,
red hat,32,
benefit 401,32,
buy,32,
softwareentwicklung,32,
infrastructure solution,32,
included,32,
monthly,32,
rapidly,32,
operational efficiency,32,
college,32,
devops engineer responsible,32,
empowering,32,
next level,32,
visibility,32,
code iac tool,32,
day per week,32,
team role,32,
continuous deployment ci,32,
interesse,32,
year experience working,32,
development life cycle,32,
strengthen,32,
video,32,
connected,32,
cd pipeline automate,32,
business application,32,
tool experience,32,
ability obtain,32,
scripting automation,32,
dollar,32,
impactful,32,
total compensation package,32,
system process,32,
community serve,32,
effectiveness,32,
bringing,32,
hierarchien,32,
identify opportunity,32,
profile job typepermanentfull,32,
security standard,32,
make sure,32,
take pride,32,
status protected veteran,32,
description devops engineer,32,
apply today,32,
applies,32,
award winning,32,
lifestyle,32,
element,32,
learn new,32,
requisition id,32,
caring,32,
protected federal state,32,
protected federal,32,
gender gender identity,32,
supervision,32,
enhanced,32,
analytical skill,32,
society,32,
package includes,32,
inclusive environment,32,
working pattern,32,
team provide,32,
bank holiday,32,
300,32,
engineer passion,32,
annual leave,32,
civil,31,
product team,31,
revenue,31,
zero,31,
du bist,31,
130,31,
engineer devops,31,
finance,31,
contractor,31,
tool jenkins,31,
collection,31,
securely,31,
devops process,31,
application deployment,31,
software developer,31,
security system,31,
bad,31,
performance reliability,31,
time permanent,31,
among,31,
build release,31,
stay date,31,
python bash powershell,31,
engineer similar,31,
service delivery,31,
deep knowledge,31,
experience software development,31,
cloud experience,31,
million user,31,
time part,31,
technical team,31,
experience agile,31,
team player,31,
technology tool,31,
insurancepaid parental,31,
excellent communication skill,31,
security measure,31,
experience bachelor degree,31,
verbal communication skill,31,
involved,31,
company culture,31,
day week,31,
operates,31,
religion age,31,
handling,31,
system design,31,
equity inclusion,31,
relocation,31,
subsidiary,31,
description job title,31,
ci polygraph,31,
would like,31,
insurancedisability insurancehealth,31,
ensures,31,
produkte,31,
consistently,31,
expense,31,
gender sexual orientation,31,
authorized,31,
tool service,31,
broad range,31,
keeping,31,
abgeschlossenes studium,31,
json,31,
unless,31,
process tool,31,
sowie der,31,
gerne,31,
du hast,30,
definition,30,
looking devops engineer,30,
virginia,30,
erfahrung mit,30,
studio,30,
platform engineering,30,
technology docker kubernetes,30,
growing team,30,
modernization,30,
insurance paid time,30,
process improvement,30,
monitoring system,30,
startup,30,
essential function,30,
va nbsp,30,
experience containerization,30,
gitlab ci cd,30,
release process,30,
idealerweise,30,
help client,30,
disability protected,30,
code terraform,30,
unterstützung,30,
downtime,30,
kubernetes experience,30,
infrastructure using,30,
java python,30,
authentication,30,
care nbsp,30,
fault,30,
diagnose,30,
kanban,30,
dental vision life,30,
vision life,30,
experienced devops engineer,30,
basis race,30,
developing maintaining,30,
migrating,30,
union,30,
work within,30,
people first,30,
description overview,30,
job description overview,30,
core value,30,
unseres,30,
sponsored,30,
education bachelor,30,
religion color,30,
tackle,30,
practice tool,30,
opening,30,
tracking,30,
regularly,30,
engaging,30,
status veteran,30,
benefit include,30,
type regular,30,
market leader,30,
interesting,30,
agile scrum,30,
basic qualification,30,
business unit,30,
advice,30,
working agile,30,
continually,30,
itil,30,
sensitive,30,
study,30,
application please,30,
harness,30,
qualified individual,30,
employee referral,30,
member team,30,
role eligible,30,
given,30,
gender identity gender,30,
identity gender,30,
000 employee,30,
translate,30,
vital,30,
adaptable,30,
disability confident,30,
un auf,30,
home nbsp full,30,
final,30,
cloud infrastruktur,29,
infrastrukturen,29,
big data,29,
typescript,29,
technology service,29,
innen,29,
pay range,29,
ubuntu,29,
commerce,29,
device,29,
insurance schedule,29,
error,29,
automate infrastructure,29,
exchange,29,
containerization technology docker,29,
level ii,29,
experience window,29,
privacy,29,
provisioning configuration,29,
chantilly,29,
monitor system,29,
principal,29,
production issue,29,
evaluating,29,
system security,29,
ihnen,29,
million people,29,
company paid,29,
optimize cloud,29,
flexible arbeitszeiten,29,
lead design,29,
understanding devops,29,
designing implementing maintaining,29,
related technical,29,
wir un,29,
maintain infrastructure,29,
reviewing,29,
customer service,29,
access management,29,
location person,29,
work location person,29,
art der,29,
umgang,29,
instance,29,
sex national origin,29,
sex national,29,
making difference,29,
short term disability,29,
employee working,29,
superior,29,
perfect,29,
hired,29,
work location remote,29,
modernize,29,
proficiency scripting language,29,
regular full time,29,
regular full,29,
manage cloud,29,
implementierung,29,
creates,29,
infrastructure tool,29,
technical concept,29,
searching,29,
primarily,29,
awareness,29,
infrastructure team,29,
maximum,29,
committed building,29,
selection process,29,
clearly,29,
für den,29,
learn grow,29,
disability status protected,29,
leavepaid,29,
identity gender expression,29,
job related,29,
action employer committed,29,
benefit package includes,29,
servicenow,28,
data scientist,28,
von cloud,28,
iat level,28,
scripting language python,28,
sql server,28,
become part,28,
year benefit 401,28,
work closely development,28,
water,28,
argocd,28,
hosting,28,
de la,28,
iat level ii,28,
cash,28,
maintaining infrastructure,28,
base pay,28,
seeking skilled,28,
sick leave,28,
customer need,28,
devops infrastructure,28,
performance scalability,28,
global team,28,
risk management,28,
offvision,28,
time offvision,28,
management process,28,
deploy manage,28,
job posting,28,
science engineering related,28,
integration continuous delivery,28,
insurance nbsp job,28,
timeshift schedulemonday,28,
branching,28,
delivered,28,
kubernetes cluster,28,
jahren,28,
hosted,28,
support software,28,
fundierte kenntnisse,28,
autonomy,28,
time part time,28,
support service,28,
customer worldwide,28,
nbsp locationlondon nbsp,28,
locationlondon nbsp,28,
experience docker,28,
jobrad,28,
race religion color,28,
experience configuration,28,
sonarqube,28,
representative,28,
engineer role,28,
team within,28,
high performing,28,
testing deployment,28,
wenn,28,
insuranceflexible,28,
work model,28,
must posse,28,
fortune,28,
timeshift schedulemonday friday,28,
infrastructure code terraform,28,
working hour,28,
primary responsibility,28,
autonomous,28,
self motivated,28,
aws azure gcp,28,
retail,28,
aber,28,
infrastructure deployment,28,
meet business,28,
curious,28,
diversity equity,28,
diversity equity inclusion,28,
machen,28,
transformative,28,
work effectively,28,
experience leading,28,
may required,28,
offer highly,28,
notice,28,
bicep,28,
weekend,28,
security requirement,28,
agreement,28,
legally protected,28,
sap com,28,
time nbsp full,28,
greater,28,
hour per,28,
august,28,
hundred thousand,27,
homeoffice,27,
reliability performance,27,
100 000,27,
thrives,27,
vor ort,27,
jenkins gitlab ci,27,
employee stock,27,
ci cd process,27,
cd process,27,
already,27,
sci polygraph,27,
va nbsp benefitspulled,27,
strong background,27,
ensure seamless integration,27,
development team ensure,27,
bereitstellung,27,
dev ops,27,
distribution,27,
google cloud platform,27,
new tool,27,
eines,27,
verification,27,
insurancevision,27,
improve efficiency,27,
expanding,27,
full time permanent,27,
premium,27,
management skill,27,
quality assurance,27,
clearance license,27,
collaborative environment,27,
application cloud,27,
computer engineering,27,
biggest,27,
devops engineering,27,
dabei,27,
access control,27,
understanding networking,27,
full time part,27,
practice cloud,27,
followed,27,
pipeline experience,27,
fully remote,27,
establishing,27,
language like,27,
promoting,27,
collaborate team,27,
gcp azure,27,
continuous integration deployment,27,
image,27,
pivotal role,27,
process procedure,27,
software related,27,
health benefit,27,
starter,27,
valid aws,27,
der stelle,27,
love hear,27,
flexibility work,27,
dependent care,27,
embracing,27,
annualized,27,
wider,27,
technical support,27,
3rd party,27,
kannst,27,
accountable,27,
reasonable adjustment,27,
agile software,27,
application software,27,
work area,27,
please visit,27,
career page,27,
accountability,27,
description company,27,
benefit option,27,
continuously improve,27,
deutsch und,27,
demonstrating,27,
grafana elk,27,
technology team,27,
empowered,27,
agilen,27,
authorized work,27,
customer community,27,
mental health,27,
freuen un,27,
individual contribution,27,
way working,27,
interview process,27,
may vary,27,
security team,27,
worker,27,
paid leave,27,
fähigkeiten,27,
oder vergleichbare,27,
anywhere,27,
across organization,27,
origin disability status,27,
drug,26,
purpose driven,26,
school,26,
gute kenntnisse,26,
application question,26,
data driven,26,
closely cross functional,26,
closely cross,26,
language python bash,26,
system integration,26,
verwaltung,26,
software development team,26,
availability performance,26,
scalable reliable,26,
foundational,26,
system ensure,26,
tool ansible,26,
service level,26,
distributed team,26,
regulated,26,
growing company,26,
technical guidance,26,
date latest,26,
networking concept,26,
shaping future,26,
umgebungen,26,
secret clearance license,26,
vetting,26,
ideally,26,
year related,26,
technical documentation,26,
skill attention detail,26,
skill attention,26,
automated testing,26,
routing,26,
arm template,26,
resilience,26,
dynamodb,26,
total reward,26,
continuity,26,
software product,26,
highly motivated,26,
status military,26,
self starter,26,
industry leading,26,
dependency,26,
solution ensure,26,
software release,26,
art der stelle,26,
der stelle vollzeit,26,
stelle vollzeit,26,
depth knowledge,26,
faster,26,
based experience,26,
wir bieten,26,
approved,26,
time nbsp locationlondon,26,
color sex,26,
implement infrastructure,26,
product owner,26,
work fast,26,
colorado,26,
excellent written,26,
special assistance,26,
im aufbau,26,
interaction,26,
terraform yesno nbsp,26,
female,26,
opportunity learn,26,
master degree computer,26,
satisfaction,26,
harassment,26,
docker container,26,
employer discriminate,26,
hybrid remote,26,
grow career,26,
description job description,26,
menschen,26,
minority,26,
origin disability veteran,26,
year software,26,
status characteristic protected,26,
status characteristic,26,
time nbsp locationremote,26,
supportive,26,
accommodation please,26,
return,26,
deserves,26,
platform help,26,
tailored,26,
work offer,26,
military veteran,26,
job function,26,
leavepaid time,26,
professional experience,26,
apply role,26,
com career,26,
nous,25,
help ensure,25,
toronto,25,
crm,25,
patient,25,
product manager,25,
120 000,25,
crucial role,25,
certification aws,25,
monitor troubleshoot,25,
team devops engineer,25,
gateway,25,
working option,25,
deinen,25,
shiftmonday,25,
schedule8 hour,25,
schedule8,25,
teammate,25,
responsible designing implementing,25,
shape future,25,
best class,25,
team ideal candidate,25,
team ideal,25,
project team,25,
excellent communication collaboration,25,
presence,25,
status protected applicable,25,
regelmäßige,25,
experience skill,25,
angabe,25,
science information system,25,
test deployment,25,
vergleichbare ausbildung,25,
scanning,25,
california,25,
responsibility lead,25,
sexual orientation age,25,
orientation age,25,
marital status sexual,25,
experience python,25,
ec2 s3,25,
work collaboratively,25,
page career,25,
jenkins github,25,
within devops,25,
hardware software,25,
management experience,25,
reducing,25,
typical salary,25,
typical salary range,25,
represents typical,25,
represents typical salary,25,
team including,25,
relational database,25,
25 day holiday,25,
experience monitoring,25,
ambitious,25,
role responsibility,25,
degree equivalent,25,
linux environment,25,
federal government,25,
origin gender,25,
national origin gender,25,
load balancing,25,
reviewed,25,
experience following,25,
electric,25,
location hybrid,25,
incident management,25,
status veteran status,25,
related medical condition,25,
related medical,25,
able obtain,25,
offshow morechevron,25,
offshow,25,
time offshow morechevron,25,
time offshow,25,
offshow morechevron nbsp,25,
skill competency,25,
classified,25,
build system,25,
creating workplace,25,
employment opportunity affirmative,25,
250,25,
chantilly va,25,
prometheus grafana elk,25,
encourage apply,25,
career sap,25,
career sap com,25,
erfahrung der,25,
job description company,25,
environment including,25,
range role,25,
highly collaborative team,25,
solution help,25,
software development operation,25,
focused work,25,
hearing,25,
mlops,24,
security certification,24,
consultant,24,
vault,24,
iot,24,
llc,24,
devops sre,24,
request accommodation,24,
revolutionize,24,
production system,24,
corporation,24,
required experience,24,
unterstützen,24,
test automation,24,
insurance life,24,
führenden,24,
team team,24,
sustainability,24,
license yesnoskillsdo,24,
license yesnoskillsdo experience,24,
typefull timeshift schedulemonday,24,
senior engineer,24,
solution complex,24,
engineering computer,24,
transforming,24,
street,24,
seasoned,24,
corporate benefit,24,
forward thinking,24,
away,24,
automate deployment,24,
heute,24,
fachinformatiker,24,
displayed,24,
also eligible,24,
user experience,24,
performed,24,
linux based,24,
health life,24,
career opportunity,24,
experience configuration management,24,
based solution,24,
advocate,24,
development tuition,24,
development tuition assistance,24,
tx nbsp,24,
descriptioncertificationsdo valid aws,24,
container technology,24,
die cloud,24,
scripting skill,24,
unterstützt,24,
robust scalable,24,
aufbau und,24,
aws gcp azure,24,
protected applicable law,24,
exciting opportunity,24,
ambition,24,
related service,24,
role play,24,
python ruby,24,
client site,24,
k8s,24,
job description summary,24,
description summary,24,
software development experience,24,
loan,24,
benefit medical,24,
azure certification,24,
team identify,24,
experience window yesnoeducationdo,24,
window yesnoeducationdo,24,
safer,24,
otherwise,24,
engineer help,24,
voluntary,24,
designing developing,24,
desired skill,24,
unable,24,
benefit program,24,
typically,24,
qualified candidate,24,
8570,24,
security policy,24,
every challenge,24,
umgang mit,24,
relocate,23,
stock purchase,23,
cloud engineering,23,
front end,23,
150 000,23,
azure infrastructure,23,
traffic,23,
aws certified solution,23,
certified solution architect,23,
certified solution,23,
government customer,23,
vision insurance schedule,23,
based application,23,
comptia,23,
comptia security,23,
planet,23,
insurancelife insurancepaid time,23,
monitor system performance,23,
emea,23,
system monitoring,23,
mitigation,23,
innovative technology,23,
eligible participate,23,
cloud service provider,23,
wünschenswert,23,
looking experienced,23,
progressive,23,
containerization orchestration,23,
geweckt,23,
like kubernetes,23,
security scalability,23,
troubleshoot resolve issue,23,
language bash,23,
spirit,23,
solving skill attention,23,
infrastructure experience,23,
complexity,23,
year related experience,23,
technical design,23,
york,23,
secure scalable,23,
automation infrastructure,23,
technical leadership,23,
unlock,23,
development devops,23,
etl,23,
designing deploying,23,
valuable,23,
optimized,23,
build tool,23,
lieu degree,23,
related discipline,23,
complex system,23,
status disability status,23,
system development,23,
grafana prometheus,23,
devops role,23,
latest technology,23,
service platform,23,
offer opportunity,23,
reimbursement nbsp,23,
agile software development,23,
system architecture,23,
hamburg,23,
remediation,23,
applying employment,23,
plus experience,23,
tech stack,23,
desired qualification,23,
career site,23,
ever changing,23,
color national,23,
color national origin,23,
clearance level,23,
preferred skill,23,
experience understanding,23,
assistance nbsp,23,
strong interpersonal,23,
ldap,23,
cancer,22,
sap employee,22,
umsetzung von,22,
designer,22,
festanstellung,22,
solution client,22,
berlin,22,
senior cloud,22,
multi cloud,22,
münchen,22,
play crucial,22,
play crucial role,22,
disability protected veteran,22,
job description cloud,22,
description cloud,22,
scalability reliability,22,
system service,22,
cicd,22,
systemintegration,22,
engineer location,22,
zu den,22,
seeking highly,22,
germany,22,
infrastructure system,22,
strong communication collaboration,22,
application using,22,
shift monday friday,22,
shift monday,22,
discussion,22,
erwarten,22,
engineering computer science,22,
engineer join dynamic,22,
public trust,22,
stay updated,22,
build test deployment,22,
90 day,22,
systemintegration oder,22,
conversation,22,
managed service,22,
application performance,22,
sie sich,22,
python javascript,22,
cloud deployment,22,
coordination,22,
intended,22,
within cloud,22,
aws google,22,
weekly,22,
manage infrastructure,22,
mentalität,22,
getting,22,
added,22,
field equivalent experience,22,
ensuring seamless,22,
digitale,22,
locationremote nbsp full,22,
updating,22,
tool infrastructure,22,
infrastructure platform,22,
lunch,22,
technical knowledge,22,
development tool,22,
looking someone,22,
sie mit,22,
fördern,22,
moment,22,
encourages,22,
leading provider,22,
casual,22,
smooth deployment,22,
sophisticated,22,
fellow,22,
game,21,
back end,21,
demonstrable,21,
purpose driven future,21,
driven future focused,21,
driven future,21,
future focused,21,
top secret clearance,21,
best sap,21,
insurance health insurance,21,
system using,21,
cloud system,21,
embedded,21,
help world,21,
kubernetes infrastructure,21,
lead team,21,
behaviour,21,
lead devops,21,
insurance life insurance,21,
algorithm,21,
aws environment,21,
using azure,21,
cloud devops engineer,21,
friday experience,21,
monday friday experience,21,
2023,21,
security control,21,
skilled devops,21,
time management,21,
design implement maintain,21,
ensure reliability,21,
year experience software,21,
various team,21,
investigate,21,
wir sind,21,
frühestmöglichen,21,
system infrastructure,21,
team ensure seamless,21,
location remote nbsp,21,
ensuring reliability,21,
headquarters,21,
secure cloud,21,
gradle,21,
devops related,21,
wir ihr interesse,21,
wir ihr,21,
ihr interesse,21,
maintain robust,21,
implement new,21,
ensure security,21,
strong scripting,21,
experience minimum,21,
employee family,21,
ii certification,21,
initial,21,
system administrator,21,
platform team,21,
intelligence community,21,
maintain cloud,21,
team ensure smooth,21,
play pivotal,21,
manual process,21,
innovative team,21,
object oriented,21,
engaged,21,
iaa paas,21,
kenntnisse und,21,
bereich der,21,
im bereich der,21,
ansible chef,21,
flachen,21,
job application,21,
platform experience,21,
escalation,21,
performance availability,21,
haben wir,21,
network security,21,
year hand,21,
ancestry age,21,
supplier,21,
documenting,21,
ensure high availability,21,
team design implement,21,
remote hybrid,21,
eine hohe,21,
safe secure,21,
optimal performance,21,
tool including,21,
cloud based solution,21,
marital status veteran,21,
year preferred,20,
bring best,20,
unsolicited,20,
pioneering,20,
help world run,20,
run better,20,
world run,20,
world run better,20,
disabled veteran,20,
flexible working option,20,
sci clearance,20,
application system,20,
enhance system,20,
ensure system reliability,20,
90 000,20,
responsibility design implement,20,
comptia security certification,20,
powershell bash,20,
manage optimize,20,
essential duty,20,
servant,20,
security solution,20,
one scripting,20,
logging monitoring,20,
code quality,20,
rhel,20,
preferred experience,20,
policy procedure,20,
azure solution,20,
offvision insurance,20,
offvision insurance nbsp,20,
time offvision insurance,20,
family member,20,
implement manage ci,20,
abgeschlossene ausbildung,20,
database management,20,
bringen sie,20,
french,20,
aws infrastructure,20,
annual salary,20,
80 000,20,
provisioning configuration management,20,
zwischen,20,
insurancehealth insurancelife,20,
aws google cloud,20,
alerting system,20,
unit testing,20,
timeshift schedule8,20,
timeshift schedule8 hour,20,
development qa,20,
technischer,20,
availability scalability,20,
system requirement,20,
possibility,20,
functional team ensure,20,
issue implement,20,
timely manner,20,
flachen hierarchien,20,
play pivotal role,20,
work united state,20,
work united,20,
erfahrungen im,20,
trend technology,20,
dans,19,
manufacturing,19,
dental insurance health,19,
160,19,
complex challenge,19,
demonstrates,19,
seeking talented,19,
imagine,19,
location person nbsp,19,
person nbsp,19,
person nbsp require,19,
closely development team,19,
perform essential function,19,
équipe,19,
kenntnisse der,19,
test production,19,
previous experience,19,
mobile arbeiten,19,
kubernetes openshift,19,
packer,19,
spring,19,
seit über,19,
vacancy,19,
day office,19,
code using,19,
practice ensure,19,
remote nbsp require,19,
unter angabe,19,
eintrittstermins,19,
frühestmöglichen eintrittstermins,19,
api gateway,19,
insurancepaid time offvision,19,
grown,19,
year required work,19,
kubernetes ci,19,
job responsibility,19,
encryption,19,
timeline,19,
creating managing,19,
language bash python,19,
world largest,19,
reimbursementshow morechevron nbsp,19,
reimbursementshow,19,
reimbursementshow morechevron,19,
provide technical guidance,19,
best practice cloud,19,
hand mentalität,19,
können sie,19,
optimize system,19,
working arrangement,19,
solving troubleshooting,19,
demonstrated experience,18,
avec,18,
descriptionwe seeking,18,
azure devops engineer,18,
databricks,18,
software deployment,18,
platform aws azure,18,
maintained,18,
automate infrastructure provisioning,18,
software engineering team,18,
seeking devops,18,
team integrate,18,
federal law,18,
der softwareentwicklung,18,
civil servant,18,
kubernetes ci cd,18,
orchestration tool like,18,
work remotely,18,
reliability availability,18,
must experience,18,
related tool,18,
hour shiftmonday,18,
test deployment process,18,
python scripting,18,
tenant,18,
understands,18,
pour,17,
der cloud infrastruktur,17,
gov uk,17,
campus,17,
blue,17,
ihres,17,
data platform,17,
operation maintenance,17,
money,17,
dynamic innovative,17,
support deployment,17,
infrastructure devops,17,
operation support,17,
automated solution,17,
reliability engineering,17,
115,17,
automate process,17,
billing,17,
health insurance life,17,
deployment strategy,17,
business operation,17,
scrum team,17,
global leader,17,
containerized application,17,
enterprise application,17,
powerapps,17,
fridayshow,17,
fridayshow nbsp,17,
like jenkins,17,
skilled devops engineer,17,
drive adoption,17,
best practice ensure,17,
system application,17,
scripting programming,17,
open new,16,
développement,16,
de développement,16,
position listed,16,
130 000,16,
engineer ensure,16,
specialty,16,
automated process,16,
deployment release,16,
und weiterentwicklung,16,
der administration,16,
loki,16,
hospital,16,
join growing,16,
comprehensive documentation,16,
bristol,16,
zertifizierungen,16,
lloyd,15,
export,15,
140 000,15,
turning,15,
breakthrough,15,
secret required,15,
000 150 000,15,
000 150,15,
matchingdental insurancehealth,15,
demonstrable experience,15,
two year,15,
tool terraform ansible,15,
notre,15,
matching dental insurance,15,
matching dental,15,
pipeline infrastructure,15,
manages,15,
m365,15,
test production environment,15,
vsphere,15,
civil service,14,
booz allen,14,
booz,14,
new window,14,
open new window,14,
defence,14,
175,14,
implement maintain ci,14,
scientific,14,
learning model,14,
machine learning model,14,
sci security,14,
sci security clearance,14,
azure kubernetes,14,
pipeline support,14,
smooth integration,14,
ensure smooth integration,14,
subject applicable,14,
collaborate data,14,
top secret required,14,
help develop,14,
vaccination,14,
équipes,14,
vehicle,14,
weiterentwicklung von,14,
und weiterentwicklung von,14,
civil service commission,14,
service commission,14,
team product,14,
cognizant,13,
lloyd banking,13,
banking group,13,
lloyd banking group,13,
bupa,13,
umsetzung von cloud,13,
cloudbasierten,13,
foundry,13,
future ai,13,
caci,13,
climate,13,
end back,13,
aws cloud infrastructure,13,
technology software,13,
engineer aws,13,
britain,13,
insurance schedule monday,13,
hashicorp,13,
export control,13,
owasp,13,
cloud delivery,13,
australia,13,
rmf,13,
infrastructure component,13,
löwenstein medical,12,
löwenstein,12,
basierend,12,
definition und,12,
basierend auf,12,
bad em,12,
cloud infrastruktur definition,12,
infrastruktur definition,12,
cloudbasierten anwendungen,12,
infrastruktur definition und,12,
front end back,12,
end back end,12,
software engineer ensure,12,
back end developer,12,
end developer,12,
expérience,12,
seeking dynamic,12,
product solution,12,
containerization docker,12,
fintech,12,
compute storage,12,
finops,12,
stellar,12,
fair chance,12,
interactive,12,
cost management,12,
android,11,
vous,11,
active top secret,11,
active top,11,
district,11,
data lake,11,
monitored,11,
manager designer,11,
geospatial,11,
settled,11,
background data,11,
68 202,11,
pipeline jenkins,11,
edge product,11,
junior devops,11,
bae,10,
peraton,10,
bae system,10,
ml model,10,
175 000,10,
louis,10,
crm system,10,
ceo cto,10,
troubleshoot issue related,10,
160 000,10,
marketing manager,10,
machine learning engineer,10,
engineer marketing manager,10,
learning engineer marketing,10,
learning front end,10,
learning front,10,
learning engineer,10,
engineer marketing,10,
machine learning front,10,
tool prometheus,10,
infrastructure pipeline,10,
software source,10,
technology software source,10,
software source code,10,
data scientist software,10,
scientist software,10,
scientist software engineer,10,
popular,10,
love creating,10,
support deployment monitoring,10,
pipeline support deployment,10,
turning complex,10,
mantech,9,
capital,9,
industry technology,9,
workday,9,
secret sci,9,
personal statement,9,
top secret sci,9,
expert level,9,
salesforce,8,
apple,8,
clinical,8,
blockchain,8,
engineering service,8,
descriptionare,8,
nvidia,7,
sovereign,7,
cps,7,
sovereign cloud,7,
dti,7,
willing obtain,7,
absc,7,
digital foundry,7,
company house,6,
rsm,6,
glue,6,
cyberark,5,
digital intelligence,5,
wipro,5,
sopra,5,
system digital,5,
system digital intelligence,5,
bae system digital,5,
obtain ci,5,
obtain ci polygraph,5,
covergo,5,
rbc,4,
unit8,4,
для,4,
centrica,4,
lawdepot,4,
harmonia,4,
edgewater,4,
gdit,4,
willing obtain ci,4,
accenture,3,
kubra,3,
redlattice,3,
pnnl,3,
blue origin,3,
compleo,3,
sambanova,3,
datacom,3,
unitedhealth group,3,
unitedhealth,3,
pearson,2,
cobank,2,
sidetrade,2,
spyros,2,
dlp,2,
fiserv,2,
brillio,2,
berklee,2,
allegion,2,
bdo,2,
zdf,2,
minimum year,1,
minimum year experience,1,
field year,1,
related field year,1,
experience year,0,
job description401 dental,0,
description401 dental,0,
least year,0,
experience year experience,0,
devops year,0,
basierend auf azure,0,
auf azure,0,
job description401 401,0,
description401 401,0,
schedule hour,0,
qualification year,0,
schedule hour shift,0,
job description401 matchingdental,0,
description401 matchingdental,0,
active sci,0,
description401 401 matchingdental,0,
401 matchingdental,0,
degree year,0,
must citizen,0,
401 matching,0,
least year experience,0,
descriptionlicensesdo valid sci,0,
valid sci,0,
401 plan,0,
experience devops year,0,
description401 matchingdental insurancedisability,0,
let know,0,
environment year,0,
requirement year,0,
401 401 matching,0,
401 401,0,
benefit 401 401,0,
401 matching dental,0,
